"id","uuid","first_name","last_name","email","password","avg_rating","rating_count","created_at"
1,"uuid_1","John","Doe","john.doe@example.com","password123",4.5,100,"2023-01-01 12:00:00"
2,"uuid_2","Jane","Smith","jane.smith@example.com","securepass",3.8,75,"2023-02-15 14:30:00"
3,"uuid_3","Robert","Johnson","robert.j@example.com","pass456",4.2,85,"2023-03-20 10:45:00"
4,"uuid_4","Emily","Davis","emily.d@example.com","p@ssw0rd",4.0,92,"2023-04-05 08:15:00"
5,"uuid_5","Sarah","Wilson","sarah.w@example.com","secret123",4.7,110,"2023-05-10 17:20:00"
6,"uuid_6","Michael","Brown","michael.b@example.com","mypass321",3.5,60,"2023-06-18 09:45:00"
7,"uuid_7","Lisa","Lee","lisa.l@example.com","letmein",4.1,88,"2023-07-02 13:55:00"
8,"uuid_8","David","Anderson","david.a@example.com","password456",4.6,105,"2023-08-12 16:10:00"
9,"uuid_9","Melissa","Martinez","melissa.m@example.com","12345678",3.9,70,"2023-09-25 11:30:00"
10,"uuid_10","Christopher","White","chris.w@example.com","p@$$w0rd",4.4,95,"2023-10-07 08:00:00"
11,"uuid_11","Amanda","Hall","amanda.h@example.com","secure123",4.8,115,"2023-11-15 22:40:00"
12,"uuid_12","Daniel","Lopez","daniel.l@example.com","danielpass",3.7,78,"2023-12-30 19:20:00"
13,"uuid_13","Jennifer","Thompson","jennifer.t@example.com","jenn1234",4.2,90,"2024-01-25 15:05:00"
14,"uuid_14","William","Garcia","william.g@example.com","myp@ssword",4.3,98,"2024-02-14 14:30:00"
15,"uuid_15","Linda","Hernandez","linda.h@example.com","ilove123",4.6,105,"2024-03-07 11:15:00"
16,"uuid_16","Joseph","Young","joseph.y@example.com","joseph567",4.0,82,"2024-04-12 09:25:00"
17,"uuid_17","Patricia","Nelson","patricia.n@example.com","patty123",4.5,96,"2024-05-19 08:50:00"
18,"uuid_18","James","Turner","james.t@example.com","pass321",4.2,88,"2024-06-28 16:40:00"
19,"uuid_19","Karen","Clark","karen.c@example.com","clark123",4.7,110,"2024-07-15 14:15:00"
20,"uuid_20","John","Walker","john.w@example.com","walkerpass",4.4,94,"2024-08-05 13:20:00"
21,"uuid_21","Laura","Lewis","laura.l@example.com","laurapass",4.1,86,"2024-09-09 10:10:00"
22,"uuid_22","Kevin","Martin","kevin.m@example.com","kevin1234",4.5,98,"2024-10-14 18:30:00"
23,"uuid_23","Jessica","Harris","jessica.h@example.com","jessica567",3.8,75,"2024-11-21 12:55:00"
24,"uuid_24","Brian","King","brian.k@example.com","kingpass",4.3,93,"2024-12-02 07:45:00"
25,"uuid_25","Susan","Wright","susan.w@example.com","wright123",4.6,102,"2025-01-10 14:20:00"
26,"uuid_26","Mark","Scott","mark.s@example.com","markpass",4.4,97,"2025-02-22 19:00:00"
27,"uuid_27","Elizabeth","Baker","elizabeth.b@example.com","baker123",4.2,89,"2025-03-03 09:35:00"
28,"uuid_28","Matthew","Green","matthew.g@example.com","greenpass",4.7,108,"2025-04-15 16:25:00"
29,"uuid_29","Karen","Hall","karen.h@example.com","karen1234",3.9,70,"2025-05-27 13:40:00"
30,"uuid_30","Jason","Adams","jason.a@example.com","adams123",4.1,84,"2025-06-08 11:05:00"
31,"uuid_31","Sarah","Bennett","sarah.b@example.com","sarah567",4.5,99,"2025-07-19 20:15:00"
32,"uuid_32","Charles","Hill","charles.h@example.com","hillpass",4.0,80,"2025-08-27 18:30:00"
33,"uuid_33","Rebecca","Parker","rebecca.p@example.com","rebecca123",4.3,92,"2025-09-10 15:40:00"
34,"uuid_34","Richard","Ross","richard.r@example.com","rosspass",4.4,96,"2025-10-29 14:20:00"
35,"uuid_35","Michelle","Rivera","michelle.r@example.com","michellepass",4.6,105,"2025-11-14 12:00:00"
36,"uuid_36","Daniel","Morgan","daniel.m@example.com","morgan123",4.8,112,"2025-12-21 08:55:00"
37,"uuid_37","Lisa","Perez","lisa.p@example.com","lisapass",4.2,87,"2026-01-30 17:10:00"
38,"uuid_38","William","Sanchez","william.s@example.com","williampass",4.7,109,"2026-02-05 10:40:00"
39,"uuid_39","Kimberly","Mitchell","kimberly.m@example.com","kimberly123",4.0,81,"2026-03-17 14:30:00"
40,"uuid_40","Steven","Cook","steven.c@example.com","cook123",4.1,85,"2026-04-23 11:15:00"
41,"uuid_41","Cynthia","Morris","cynthia.m@example.com","cynthia123",4.5,97,"2026-05-02 18:20:00"
42,"uuid_42","Thomas","Carter","thomas.c@example.com","thomaspass",4.4,94,"2026-06-12 15:05:00"
43,"uuid_43","Jennifer","Foster","jennifer.f@example.com","foster123",4.3,91,"2026-07-28 13:30:00"
44,"uuid_44","David","Simmons","david.s@example.com","davidpass",4.6,104,"2026-08-14 09:45:00"
45,"uuid_45","Megan","Ward","megan.w@example.com","wardpass",4.8,113,"2026-09-26 16:50:00"
46,"uuid_46","Michael","Bryant","michael.b@example.com","bryant123",4.2,88,"2026-10-18 11:25:00"
47,"uuid_47","Amy","Russell","amy.r@example.com","russellpass",4.0,83,"2026-11-07 19:30:00"
48,"uuid_48","William","Alexander","william.a@example.com","alexander123",4.7,107,"2026-12-05 14:45:00"
49,"uuid_49","Karen","Griffin","karen.g@example.com","griffin123",3.9,76,"2027-01-13 16:20:00"
50,"uuid_50","Robert","Diaz","robert.d@example.com","robert123",4.1,86,"2027-02-27 13:55:00"
51,"uuid_51","Linda","Patterson","linda.p@example.com","lindapass",4.5,98,"2027-03-30 11:10:00"
52,"uuid_52","James","Hayes","james.h@example.com","hayes123",4.4,95,"2027-04-15 19:25:00"
53,"uuid_53","Mary","Myers","mary.m@example.com","mary123",4.3,90,"2027-05-14 17:40:00"
54,"uuid_54","John","Harrison","john.h@example.com","john123",4.6,103,"2027-06-29 15:15:00"
55,"uuid_55","Susan","Knight","susan.k@example.com","susanpass",4.2,89,"2027-07-22 12:05:00"
56,"uuid_56","Joseph","Duncan","joseph.d@example.com","duncan123",4.7,106,"2027-08-10 18:40:00"
57,"uuid_57","Lisa","Holmes","lisa.h@example.com","lisa123",4.8,114,"2027-09-09 14:30:00"
58,"uuid_58","Charles","Palmer","charles.p@example.com","charlespass",3.8,74,"2027-10-16 11:25:00"
59,"uuid_59","Elizabeth","Black","elizabeth.b@example.com","elizabethpass",3.7,77,"2027-11-05 19:10:00"
60,"uuid_60","David","Ferguson","david.f@example.com","david1234",4.0,79,"2027-12-20 16:35:00"
61,"uuid_61","Maria","Rogers","maria.r@example.com","maria123",4.4,96,"2028-01-24 14:50:00"
62,"uuid_62","James","Fisher","james.f@example.com","james123",4.2,87,"2028-02-18 12:15:00"
63,"uuid_63","Susan","Harrison","susan.h@example.com","susan567",4.1,85,"2028-03-09 18:30:00"
64,"uuid_64","Michael","Myers","michael.m@example.com","michael123",4.3,91,"2028-04-05 14:05:00"
65,"uuid_65","Nancy","Stewart","nancy.s@example.com","nancypass",4.5,99,"2028-05-13 11:40:00"
66,"uuid_66","Robert","Long","robert.l@example.com","robert567",4.6,100,"2028-06-29 10:25:00"
67,"uuid_67","Jennifer","Turner","jennifer.t@example.com","jennifer123",4.7,105,"2028-07-12 17:20:00"
68,"uuid_68","Charles","Adams","charles.a@example.com","charles123",4.8,112,"2028-08-24 14:15:00"
69,"uuid_69","Patricia","Smith","patricia.s@example.com","patricia123",4.0,80,"2028-09-11 19:45:00"
70,"uuid_70","John","Cruz","john.c@example.com","johncruz123",4.1,84,"2028-10-07 11:30:00"
71,"uuid_71","Laura","Sanchez","laura.s@example.com","lauras123",4.2,88,"2028-11-16 18:10:00"
72,"uuid_72","Daniel","Ward","daniel.w@example.com","danielwardpass",4.3,92,"2028-12-05 15:25:00"
73,"uuid_73","Linda","Hill","linda.h@example.com","lindahill123",4.4,97,"2029-01-19 13:20:00"
74,"uuid_74","Richard","Garcia","richard.g@example.com","richardgpass",4.5,101,"2029-02-22 09:55:00"
75,"uuid_75","Michelle","Perez","michelle.p@example.com","michellep123",4.6,103,"2029-03-30 17:40:00"
76,"uuid_76","Michael","Turner","michael.t@example.com","michaelturner123",4.7,106,"2029-04-15 15:15:00"
77,"uuid_77","Karen","Martinez","karen.m@example.com","karenmartinez123",4.8,109,"2029-05-11 12:55:00"
78,"uuid_78","David","Brown","david.b@example.com","davidbrown123",4.0,82,"2029-06-09 19:30:00"
79,"uuid_79","Jennifer","Lopez","jennifer.l@example.com","jenniferlopez123",4.1,86,"2029-07-21 11:40:00"
80,"uuid_80","William","Gonzalez","william.g@example.com","williamgonzalez123",4.2,89,"2029-08-28 18:25:00"
81,"uuid_81","Mary","Lee","mary.l@example.com","marylee123",4.3,93,"2029-09-17 15:10:00"
82,"uuid_82","John","Wilson","john.w@example.com","johnwilson123",4.4,97,"2029-10-05 14:55:00"
83,"uuid_83","Linda","Clark","linda.c@example.com","lindaclark123",4.5,101,"2029-11-14 12:20:00"
84,"uuid_84","Robert","Johnson","robert.j@example.com","robertjohnson123",4.6,105,"2029-12-02 09:45:00"
85,"uuid_85","Maria","Harris","maria.h@example.com","mariaharris123",4.7,109,"2030-01-14 16:35:00"
86,"uuid_86","James","Davis","james.d@example.com","jamesdavis123",4.8,112,"2030-02-21 14:50:00"
87,"uuid_87","Patricia","Moore","patricia.m@example.com","patriciamoore123",4.0,80,"2030-03-19 12:05:00"
88,"uuid_88","Michael","Rodriguez","michael.r@example.com","michaelrodriguez123",4.1,84,"2030-04-27 18:30:00"
89,"uuid_89","Elizabeth","Martin","elizabeth.m@example.com","elizabethmartin123",4.2,88,"2030-05-09 15:25:00"
90,"uuid_90","David","Jackson","david.j@example.com","davidjackson123",4.3,92,"2030-06-06 13:20:00"
91,"uuid_91","Karen","White","karen.w@example.com","karenwhite123",4.4,97,"2030-07-18 11:15:00"
92,"uuid_92","William","Walker","william.w@example.com","williamwalker123",4.5,101,"2030-08-26 09:55:00"
93,"uuid_93","Jennifer","Hall","jennifer.h@example.com","jenniferhall123",4.6,105,"2030-09-07 17:40:00"
94,"uuid_94","Richard","Thomas","richard.t@example.com","richardthomas123",4.7,109,"2030-10-11 15:15:00"
95,"uuid_95","Susan","Hernandez","susan.h@example.com","susanhernandez123",4.8,112,"2030-11-28 12:55:00"
96,"uuid_96","James","Moore","james.m@example.com","jamesmoore123",4.0,82,"2030-12-24 19:30:00"
97,"uuid_97","Nancy","Gonzalez","nancy.g@example.com","nancygonzalez123",4.1,86,"2031-01-31 11:40:00"
98,"uuid_98","Michael","Thompson","michael.t@example.com","michaelthompson123",4.2,89,"2031-02-19 18:25:00"
99,"uuid_99","Maria","Roberts","maria.r@example.com","mariaroberts123",4.3,93,"2031-03-08 15:10:00"
100,"uuid_100","Matthew","Hall","matthew.h@example.com","matthewhall123",4.4,97,"2031-04-16 14:55:00"
